Risk_ID,Risk_Category,Risk_Description,Example_Scenarios,Potential_Impacts,Impact_Scale,Likelihood_Scale,Risk_Score,Risk_Level,Existing_Controls,Planned_Controls,Control_Owner,Treatment_Target_Date,Status_NotStarted_InProgress_Complete,Notes
BIAS-001,Bias and Fairness,Algorithmic bias in decision-making creates unfair outcomes,"Hiring AI favoring male candidates; Loan approval disproportionately denying demographics; Healthcare AI providing different treatment recommendations; Recruiting AI filtering out qualified underrepresented candidates","Legal liability, regulatory investigations, reputation damage, customer loss, human rights violations",,,,,,"___",,"___","___",____,_____,""
BIAS-002,Bias and Fairness,Unfair treatment of protected groups,"Facial recognition failing darker skin tones; Voice recognition struggling with accents; Content recommendations reinforcing stereotypes; AI screening excluding marginalized groups","Discrimination complaints, regulatory non-compliance, community backlash, brand damage, exclusion of talent",,,,,,"___",,"___","___",____,_____,""
BIAS-003,Bias and Fairness,Lack of representativeness in training data,"Medical AI trained on one demographic; Language model English-only serving multilingual; Image recognition Western faces serving global; Product recommendations from one region","Poor model performance, compromised effectiveness, costly retraining, missed opportunities, regulatory scrutiny",,,,,,"___",,"___","___",____,_____,""
BIAS-004,Bias and Fairness,Reinforcement of harmful stereotypes,"Image generation producing stereotypes; Content moderation treating bias discussions as violations; Search ranking surfacing biased content; Ads reinforcing demographic stereotypes","Public criticism, social media backlash, reputation damage, lost partnerships, negative media coverage",,,,,,"___",,"___","___",____,_____,""
SEC-001,Security and Privacy,Unauthorized access to AI systems,"Hackers accessing cloud training environments; Insiders misusing permissions; Phishing credential theft; API keys exposed publicly","Model theft, service disruption, financial losses, regulatory fines, legal liability",,,,,,"___",,"___","___",____,_____,""
SEC-002,Security and Privacy,Personal information (PII) data breach,"Customer data from chat logs exposed; Training data with PII shared publicly; AI insights revealing identifiable information; Third-party vendor breach affecting your data","PIPEDA/PIPA violations, regulatory fines, notification costs, class action lawsuits, severe reputation damage",,,,,,"___",,"___","___",____,_____,""
SEC-003,Security and Privacy,Data poisoning attacks,"Adversarial injection of misleading data; Supply chain attacks corrupting training data; Model inversion extracting information; Backdoor attacks embedding triggers","Compromised accuracy, production failures, security vulnerabilities, need for retraining, lost customer trust",,,,,,"___",,"___","___",____,_____,""
SEC-004,Security and Privacy,Model theft and IP loss,"Competitors using extraction techniques; Insiders selling proprietary code; Cloud breach exposing models; API endpoints allowing unlimited querying","Loss of competitive advantage, financial losses, eroded value propositions, damaged investments, IP enforcement difficulty",,,,,,"___",,"___","___",____,_____,""
SEC-005,Security and Privacy,Inadequate access controls,"Shared credentials for multiple users; Overly permissive privileges; Failed removal for terminated employees; Insufficient logging and monitoring","Unauthorized data access, inability to detect incidents, compliance failures, regulatory penalties, legal liability",,,,,,"___",,"___","___",____,_____,""
TRA-001,Transparency and Explainability,Lack of model explainability,"Deep learning loan denial without explanation; AI hiring ranking without criteria transparency; Automated medical diagnosis without basis; Fraud detection flagging without disclosure","Legal challenges, regulatory non-compliance, loss of user trust, inability to debug, audit failures",,,,,,"___",,"___","___",____,_____,""
TRA-002,Transparency and Explainability,Black box decision-making,"Neural networks making critical decisions; Ensemble models obscuring contributions; Reinforcement learning evolving behaviors; Generative AI unknown reasoning","Inability to validate decisions, regulatory rejection, user rejection, ethical concerns, hidden biases",,,,,,"___",,"___","___",____,_____,""
TRA-003,Transparency and Explainability,Inadequate user communication,"Customers unaware AI handling support; Employees using AI without understanding limitations; Public believing AI content is human; Stakeholders not informed about AI decisions","Regulatory violation, consumer protection lawsuits, loss of trust, inappropriate reliance, ethical concerns",,,,,,"___",,"___","___",____,_____,""
TRA-004,Transparency and Explainability,Failure to document AI decision logic,"No records of training procedures; Missing feature engineering documentation; Unclear decision thresholds; Lost version control history","Inability to reproduce decisions, compliance failures, debugging difficulty, legal challenges, regulatory scrutiny",,,,,,"___",,"___","___",____,_____,""
DATA-001,Data Quality and Integrity,Poor training data quality,"High percentage duplicates or corrupted records; Outdated data not reflecting current conditions; Incomplete data with missing values; Sourced data from inappropriate contexts","Poor model performance, unreliable outputs, failure to meet objectives, wasted resources, production failures",,,,,,"___",,"___","___",____,_____,""
DATA-002,Data Quality and Integrity,Incomplete data coverage,"Training on normal conditions but not failures; Missing data for rare critical events; Geographic bias insufficient coverage; Temporal gaps missing seasonal patterns","Model failure in edge cases, poor underrepresented scenarios, inability to handle rare events, user dissatisfaction, safety failures",,,,,,"___",,"___","___",____,_____,""
DATA-003,Data Quality and Integrity,Data integrity and provenance issues,"Unable to trace to original sources; Unclear transformation documentation; Missing collection method metadata; Unknown ownership or licensing","Compliance failures, legal liability, inability to audit quality, IP infringement risks, regulatory investigation",,,,,,"___",,"___","___",____,_____,""
DATA-004,Data Quality and Integrity,Model drift from real-world data,"Consumer behavior changing; Seasonal variations unaccounted; Market conditions shifting; Operational environments changing unexpectedly","Gradual accuracy decline, silent failures, business metric deterioration, customer churn, expensive retraining",,,,,,"___",,"___","___",____,_____,""
REG-001,Regulatory Compliance,Non-compliance with AI regulations,"Failure to conduct required impact assessments; Not registering high-risk systems; Non-compliance sector-specific rules; Violating emerging governance laws","Regulatory investigations, financial penalties, mandatory shutdowns, legal liability, market access restrictions",,,,,,"___",,"___","___",____,_____,""
REG-002,Regulatory Compliance,Insufficient documentation for compliance,"Missing required impact assessments; Inadequate risk management evidence; Insufficient bias testing records; Incomplete audit trail","Regulatory findings, approval delays, denial of benefits, expensive remediation, legal exposure",,,,,,"___",,"___","___",____,_____,""
REG-003,Regulatory Compliance,Cross-jurisdictional compliance challenges,"Deploying AI globally different privacy regimes; Conflicting federal and provincial laws; Overlapping sector regulations; International data transfer restrictions","Unable to deploy consistent solutions, high compliance costs, regulatory uncertainty, business restrictions, complex management",,,,,,"___",,"___","___",____,_____,""
REG-004,Regulatory Compliance,Copyright and IP infringement from AI outputs,"Generative AI producing similar copyrighted works; Models trained on copyrighted material unauthorized; AI code incorporating patented algorithms; AI outputs violating trademark guidelines","Copyright lawsuits and damages, forced removal, legal injunctions halting operations, financial liability, brand damage",,,,,,"___",,"___","___",____,_____,""
OPS-001,Operational Risks,AI system failure and downtime,"Model crashes unexpected input; Infrastructure failures; Cloud provider outages; Software bugs version incompatibilities","Business process interruptions, lost revenue, customer dissatisfaction, reputation damage, emergency fix costs",,,,,,"___",,"___","___",____,_____,""
OPS-002,Operational Risks,Degraded model performance,"Accuracy below requirements; Increased false positives; Response times exceeding SLAs; Outputs inconsistent unpredictable","Poor user experience, flawed decision-making, revenue losses, costly retraining, eroded trust",,,,,,"___",,"___","___",____,_____,""
OPS-003,Operational Risks,Inadequate human oversight,"AI making critical decisions without review; No monitoring alerting to issues; Automated processes without fallback; Lack of escalation procedures","Costly uncorrected errors, safety hazards, regulatory non-compliance, loss of control, legal liability",,,,,,"___",,"___","___",____,_____,""
OPS-004,Operational Risks,Workflow disruption from AI integration,"Employees confused by new workflows; Existing processes breaking; Reliance preventing manual fallback; Technical integration issues","Productivity losses, employee resistance, customer service degradation, failed projects, financial losses",,,,,,"___",,"___","___",____,_____,""
IMPACT-001,Human Impact and Safety,Safety risks from AI decisions,"Medical AI incorrect diagnosis leading harm; Autonomous vehicle unsafe navigation; Financial AI recommending investment losses; Emergency response failing to route resources","Physical injury or death, severe financial harm, legal liability, regulatory shutdowns, criminal prosecution",,,,,,"___",,"___","___",____,_____,""
IMPACT-002,Human Impact and Safety,Psychological harm from AI interactions,"Mental health chatbot harmful advice; Social media amplifying negative content; Gaming AI maximizing engagement addiction; AI impersonating loved ones","Psychological trauma, user complaints, regulatory scrutiny, reputation damage, class action lawsuits",,,,,,"___",,"___","___",____,_____,""
IMPACT-003,Human Impact and Safety,Employment and economic displacement,"AI chatbots replacing staff; Automated decision-making reducing analysts; Process automation eliminating roles; Outsourcing enabled reducing employment","Employee layoffs, community disruption, labor disputes, negative perception, regulatory intervention",,,,,,"___",,"___","___",____,_____,""
IMPACT-004,Human Impact and Safety,Social manipulation and misinformation,"Deepfakes creating false video; AI-generated disinformation spreading; Recommendation algorithms echo chambers; Chatbots impersonating public figures","Public deception, democratic interference, social unrest, regulatory crackdowns, criminal liability",,,,,,"___",,"___","___",____,_____,""
VENDOR-001,Third-Party and Vendor,Vendor security breach,"Cloud AI platform data breach; AI tool vendor hack exposing data; Outsourced training service compromised; API provider security incident","Your data exposed, regulatory liability, notification costs, reputation damage, rapid vendor change",,,,,,"___",,"___","___",____,_____,""
VENDOR-002,Third-Party and Vendor,Vendor lock-in and dependency,"Entire infrastructure dependent one cloud; Proprietary models impossible migrate; Vendor changing terms pricing; AI vendor going out business","Sudden cost increases, forced migration expense, service disruptions, loss of flexibility, continuity risks",,,,,,"___",,"___","___",____,_____,""
VENDOR-003,Third-Party and Vendor,Insufficient vendor compliance,"AI vendor not ISO 42001 certified; Vendor fails data protection regulations; Third-party not conducting assessments; Vendor using unethical practices","Compliance failures attributed you, regulatory liability, contractual breaches, reputation damage, rapid replacement",,,,,,"___",,"___","___",____,_____,""
VENDOR-004,Third-Party and Vendor,Unclear allocation of responsibilities,"Ambiguous contract terms data ownership; Disagreement who handles incidents; Confusion compliance obligations; Shared systems unclear accountability","Gaps in mitigation, legal disputes, regulatory confusion, blame-shifting, inability enforce commitments",,,,,,"___",,"___","___",____,_____,""

